uuid_id,locality,occurrenceRemarks
45a08215eaee43639815b155e2c34d6b,Yap State,
45a08215eaee43639815b155e2c34d6b,Saipan,
45a08215eaee43639815b155e2c34d6b,Tinian,
45a08215eaee43639815b155e2c34d6b,Rota,
45a08215eaee43639815b155e2c34d6b,Guam,
ebb8f69dba3f4ae0b489c0a6ea902e7c,Saipan,
ebb8f69dba3f4ae0b489c0a6ea902e7c,Tinian,
ebb8f69dba3f4ae0b489c0a6ea902e7c,Rota,
ebb8f69dba3f4ae0b489c0a6ea902e7c,Guam,
5de35f74bc5a43c9a1b3aa8a6d87ece1,Republic of Palau,
5de35f74bc5a43c9a1b3aa8a6d87ece1,Yap State,
5de35f74bc5a43c9a1b3aa8a6d87ece1,Chuuk State,
5de35f74bc5a43c9a1b3aa8a6d87ece1,Pohnpei State,
5de35f74bc5a43c9a1b3aa8a6d87ece1,Saipan,
5de35f74bc5a43c9a1b3aa8a6d87ece1,Tinian,
5de35f74bc5a43c9a1b3aa8a6d87ece1,Rota,
5de35f74bc5a43c9a1b3aa8a6d87ece1,Guam,
768d62ed1fa449b6a59da8524ef3ecb6,Saipan,
768d62ed1fa449b6a59da8524ef3ecb6,Tinian,
768d62ed1fa449b6a59da8524ef3ecb6,Rota,
768d62ed1fa449b6a59da8524ef3ecb6,Guam,
0f1902e4eaea46ef8beacea827e365f6,Republic of Palau,
0f1902e4eaea46ef8beacea827e365f6,Yap State,
0f1902e4eaea46ef8beacea827e365f6,Pohnpei State,
1e7eeb659e534c68b96142ccce109d78,Saipan,
1e7eeb659e534c68b96142ccce109d78,Tinian,
1e7eeb659e534c68b96142ccce109d78,Rota,
1e7eeb659e534c68b96142ccce109d78,Guam,
9a9c19ad9f8d44729d744076f156d8f1,Republic of Palau,
9a9c19ad9f8d44729d744076f156d8f1,Yap State,
9a9c19ad9f8d44729d744076f156d8f1,Chuuk State,
9a9c19ad9f8d44729d744076f156d8f1,Pohnpei State,
9a9c19ad9f8d44729d744076f156d8f1,Kosrae State,
9a9c19ad9f8d44729d744076f156d8f1,Saipan,
9a9c19ad9f8d44729d744076f156d8f1,Tinian,
9a9c19ad9f8d44729d744076f156d8f1,Rota,
9a9c19ad9f8d44729d744076f156d8f1,Guam,
7636b96f77da4b999b7c0f88526ecadb,Republic of Palau,
7636b96f77da4b999b7c0f88526ecadb,Pohnpei State,
7636b96f77da4b999b7c0f88526ecadb,Saipan,
7636b96f77da4b999b7c0f88526ecadb,Tinian,
7636b96f77da4b999b7c0f88526ecadb,Rota,
7636b96f77da4b999b7c0f88526ecadb,Guam,
586db7b9f4584401b6b6c13f1d74a5f2,Republic of Palau,
586db7b9f4584401b6b6c13f1d74a5f2,Saipan,
586db7b9f4584401b6b6c13f1d74a5f2,Tinian,
586db7b9f4584401b6b6c13f1d74a5f2,Rota,
586db7b9f4584401b6b6c13f1d74a5f2,Guam,
dd99cc6d2e2b45f28530272735e4bfc3,Republic of Palau,
dd99cc6d2e2b45f28530272735e4bfc3,Yap State,new island record
dd99cc6d2e2b45f28530272735e4bfc3,Chuuk State,
dd99cc6d2e2b45f28530272735e4bfc3,Pohnpei State,
dd99cc6d2e2b45f28530272735e4bfc3,Kosrae State,
86c7f78e440d4b4d967dcce75258894f,Republic of Palau,
86c7f78e440d4b4d967dcce75258894f,Yap State,
86c7f78e440d4b4d967dcce75258894f,Chuuk State,
86c7f78e440d4b4d967dcce75258894f,Pohnpei State,
86c7f78e440d4b4d967dcce75258894f,Kosrae State,
86c7f78e440d4b4d967dcce75258894f,Saipan,
86c7f78e440d4b4d967dcce75258894f,Tinian,
86c7f78e440d4b4d967dcce75258894f,Rota,
86c7f78e440d4b4d967dcce75258894f,Guam,
57431d5847df494eaefad17252240a67,Republic of Palau,
57431d5847df494eaefad17252240a67,Yap State,
57431d5847df494eaefad17252240a67,Chuuk State,
57431d5847df494eaefad17252240a67,Pohnpei State,
57431d5847df494eaefad17252240a67,Saipan,
57431d5847df494eaefad17252240a67,Tinian,
57431d5847df494eaefad17252240a67,Rota,
57431d5847df494eaefad17252240a67,Guam,
30e033a85d6b409fa9031b7bcbb19a4b,Chuuk State,
833458d240294650a4f1eda6ca19cc64,Republic of Palau,
833458d240294650a4f1eda6ca19cc64,Yap State,
8fee44af137a43e18ad371862330da3a,Yap State,
a58826ccc0eb41eda67a4f259dfcf11f,Republic of Palau,
a58826ccc0eb41eda67a4f259dfcf11f,Yap State,
a58826ccc0eb41eda67a4f259dfcf11f,Chuuk State,
a58826ccc0eb41eda67a4f259dfcf11f,Pohnpei State,
a58826ccc0eb41eda67a4f259dfcf11f,Saipan,
a58826ccc0eb41eda67a4f259dfcf11f,Tinian,
a58826ccc0eb41eda67a4f259dfcf11f,Rota,
a58826ccc0eb41eda67a4f259dfcf11f,Guam,
aaa96c2f48bd4ea59f3105267812abf9,Republic of Palau,new island record
aaa96c2f48bd4ea59f3105267812abf9,Yap State,new island record
aaa96c2f48bd4ea59f3105267812abf9,Chuuk State,new island record
aaa96c2f48bd4ea59f3105267812abf9,Pohnpei State,
aaa96c2f48bd4ea59f3105267812abf9,Saipan,
aaa96c2f48bd4ea59f3105267812abf9,Tinian,
aaa96c2f48bd4ea59f3105267812abf9,Rota,
aaa96c2f48bd4ea59f3105267812abf9,Guam,
ec1f4d1dfebb4c7b884b39a0fa48c97e,Saipan,
ec1f4d1dfebb4c7b884b39a0fa48c97e,Tinian,
ec1f4d1dfebb4c7b884b39a0fa48c97e,Rota,
ec1f4d1dfebb4c7b884b39a0fa48c97e,Guam,
92d99bf396554f1aa21c0a92918d6099,Saipan,
92d99bf396554f1aa21c0a92918d6099,Tinian,
92d99bf396554f1aa21c0a92918d6099,Rota,
92d99bf396554f1aa21c0a92918d6099,Guam,
c86792d1e64446cebe867cca153a433d,Guam,
c86792d1e64446cebe867cca153a433d,Rota,
49675dc478984bab8f0f6de7388608e4,Republic of Palau,
49675dc478984bab8f0f6de7388608e4,Pohnpei State,
49675dc478984bab8f0f6de7388608e4,Guam,
172c70b8124b4944b864ae766e773cbb,Republic of Palau,
172c70b8124b4944b864ae766e773cbb,Chuuk State,new island record
172c70b8124b4944b864ae766e773cbb,Saipan,
172c70b8124b4944b864ae766e773cbb,Tinian,
172c70b8124b4944b864ae766e773cbb,Rota,
172c70b8124b4944b864ae766e773cbb,Guam,
7d5c74d483d3418d8ac0b0b418e5cfdf,Pohnpei State,
7d5c74d483d3418d8ac0b0b418e5cfdf,Guam,
6bc85d2ce62643ea920814640c8bf6ec,Pohnpei State,
a7940efee6224fd3b3fa6a2352cff8a9,Republic of Palau,
f5b259c9a0224e27ad2026eb518225e2,Republic of Palau,
f5b259c9a0224e27ad2026eb518225e2,Pohnpei State,
f5b259c9a0224e27ad2026eb518225e2,Saipan,
f5b259c9a0224e27ad2026eb518225e2,Tinian,
f5b259c9a0224e27ad2026eb518225e2,Rota,
f5b259c9a0224e27ad2026eb518225e2,Guam,
7efbef311b2f4c8bac5dfa1a0097847a,Republic of Palau,
7efbef311b2f4c8bac5dfa1a0097847a,Saipan,
7efbef311b2f4c8bac5dfa1a0097847a,Tinian,
7efbef311b2f4c8bac5dfa1a0097847a,Rota,
7efbef311b2f4c8bac5dfa1a0097847a,Guam,
ddd724b878d44a4987753f0a1ce763a1,Pohnpei State,new island record
ddd724b878d44a4987753f0a1ce763a1,Saipan,
ddd724b878d44a4987753f0a1ce763a1,Tinian,
ddd724b878d44a4987753f0a1ce763a1,Rota,
ddd724b878d44a4987753f0a1ce763a1,Guam,
28bc49b0e797415e94da7e8a4991ce7d,Saipan,
28bc49b0e797415e94da7e8a4991ce7d,Tinian,
28bc49b0e797415e94da7e8a4991ce7d,Rota,
28bc49b0e797415e94da7e8a4991ce7d,Guam,
76ca56af109a432eba5921fb9a08c72b,Republic of Palau,
76ca56af109a432eba5921fb9a08c72b,Pohnpei State,
76ca56af109a432eba5921fb9a08c72b,Saipan,
76ca56af109a432eba5921fb9a08c72b,Tinian,
76ca56af109a432eba5921fb9a08c72b,Rota,
76ca56af109a432eba5921fb9a08c72b,Guam,
4aa7ee782d4c4b54af2ae6beba5f51d0,Republic of Palau,
4aa7ee782d4c4b54af2ae6beba5f51d0,Yap State,
4aa7ee782d4c4b54af2ae6beba5f51d0,Chuuk State,
4aa7ee782d4c4b54af2ae6beba5f51d0,Pohnpei State,
4aa7ee782d4c4b54af2ae6beba5f51d0,Kosrae State,
4aa7ee782d4c4b54af2ae6beba5f51d0,Saipan,
4aa7ee782d4c4b54af2ae6beba5f51d0,Tinian,
4aa7ee782d4c4b54af2ae6beba5f51d0,Rota,
4aa7ee782d4c4b54af2ae6beba5f51d0,Guam,
f41feabd764c49a989d8ee7ff6776d1b,Republic of Palau,
f41feabd764c49a989d8ee7ff6776d1b,Saipan,
f41feabd764c49a989d8ee7ff6776d1b,Tinian,
f41feabd764c49a989d8ee7ff6776d1b,Rota,
c01df697d10f4a8f9e8da0f335fcca8c,Republic of Palau,
c01df697d10f4a8f9e8da0f335fcca8c,Yap State,
c01df697d10f4a8f9e8da0f335fcca8c,Chuuk State,
c01df697d10f4a8f9e8da0f335fcca8c,Pohnpei State,
c01df697d10f4a8f9e8da0f335fcca8c,Saipan,
c01df697d10f4a8f9e8da0f335fcca8c,Tinian,
c01df697d10f4a8f9e8da0f335fcca8c,Rota,
c01df697d10f4a8f9e8da0f335fcca8c,Guam,
da4d28da2c654c77aa37f1e0820bc023,Republic of Palau,
da4d28da2c654c77aa37f1e0820bc023,Pohnpei State,new island record
da4d28da2c654c77aa37f1e0820bc023,Saipan,
da4d28da2c654c77aa37f1e0820bc023,Tinian,
da4d28da2c654c77aa37f1e0820bc023,Rota,
da4d28da2c654c77aa37f1e0820bc023,Guam,
aabe3449fdaf4dd6b073634917779aa8,Republic of Palau,
aabe3449fdaf4dd6b073634917779aa8,Yap State,
aabe3449fdaf4dd6b073634917779aa8,Chuuk State,
aabe3449fdaf4dd6b073634917779aa8,Pohnpei State,
aabe3449fdaf4dd6b073634917779aa8,Kosrae State,
aabe3449fdaf4dd6b073634917779aa8,Saipan,
aabe3449fdaf4dd6b073634917779aa8,Tinian,
aabe3449fdaf4dd6b073634917779aa8,Rota,
aabe3449fdaf4dd6b073634917779aa8,Guam,
0224e6ce1a544337b67a90f9afc4afa8,Republic of Palau,
0224e6ce1a544337b67a90f9afc4afa8,Guam,
93b5391d990d4c5ab0859a48287f8f27,Chuuk State,
93b5391d990d4c5ab0859a48287f8f27,Pohnpei State,
40e4c23a12a04e4782810d86dc124fbf,Chuuk State,
40e4c23a12a04e4782810d86dc124fbf,Kosrae State,
40e4c23a12a04e4782810d86dc124fbf,Saipan,
40e4c23a12a04e4782810d86dc124fbf,Tinian,
40e4c23a12a04e4782810d86dc124fbf,Rota,
40b20b9ec0d6405ea6eba7ed70e2e1d5,Republic of Palau,
cde86053966d4fb9a3013498345ade2d,Republic of Palau,
cde86053966d4fb9a3013498345ade2d,Yap State,
cde86053966d4fb9a3013498345ade2d,Chuuk State,
cde86053966d4fb9a3013498345ade2d,Pohnpei State,
cde86053966d4fb9a3013498345ade2d,Saipan,
cde86053966d4fb9a3013498345ade2d,Tinian,
cde86053966d4fb9a3013498345ade2d,Rota,
cde86053966d4fb9a3013498345ade2d,Guam,
81322bb2202446658a59b955d897b399,Republic of Palau,
81322bb2202446658a59b955d897b399,Chuuk State,
81322bb2202446658a59b955d897b399,Saipan,
81322bb2202446658a59b955d897b399,Tinian,
81322bb2202446658a59b955d897b399,Rota,
81322bb2202446658a59b955d897b399,Guam,
2707e908d2e042bcbcbbeefc084a8f3b,Republic of Palau,
2707e908d2e042bcbcbbeefc084a8f3b,Yap State,
2707e908d2e042bcbcbbeefc084a8f3b,Chuuk State,
2707e908d2e042bcbcbbeefc084a8f3b,Pohnpei State,
2707e908d2e042bcbcbbeefc084a8f3b,Kosrae State,new island record
2707e908d2e042bcbcbbeefc084a8f3b,Saipan,
2707e908d2e042bcbcbbeefc084a8f3b,Tinian,
2707e908d2e042bcbcbbeefc084a8f3b,Rota,
2707e908d2e042bcbcbbeefc084a8f3b,Guam,
520fca16c97142b3970b8d31f541b781,Republic of Palau,
520fca16c97142b3970b8d31f541b781,Yap State,
520fca16c97142b3970b8d31f541b781,Chuuk State,
520fca16c97142b3970b8d31f541b781,Saipan,
520fca16c97142b3970b8d31f541b781,Tinian,
520fca16c97142b3970b8d31f541b781,Rota,
520fca16c97142b3970b8d31f541b781,Guam,
f795c04ca9a0410588b91ac6860b76ff,Republic of Palau,
f795c04ca9a0410588b91ac6860b76ff,Yap State,
f795c04ca9a0410588b91ac6860b76ff,Guam,
6e355091bb78447bbad6f8ab6445f277,Republic of Palau,
6e355091bb78447bbad6f8ab6445f277,Yap State,
6e355091bb78447bbad6f8ab6445f277,Chuuk State,
6e355091bb78447bbad6f8ab6445f277,Pohnpei State,
6e355091bb78447bbad6f8ab6445f277,Kosrae State,
6e355091bb78447bbad6f8ab6445f277,Guam,
bb7d8d9a5cdd46099225b7d816e47b70,Republic of Palau,
bb7d8d9a5cdd46099225b7d816e47b70,Chuuk State,
bb7d8d9a5cdd46099225b7d816e47b70,Mariana Islands,
f8444a8b78614f7a9bbf7be90319f168,Republic of Palau,
f8444a8b78614f7a9bbf7be90319f168,Yap State,
f8444a8b78614f7a9bbf7be90319f168,Chuuk State,
f8444a8b78614f7a9bbf7be90319f168,Pohnpei State,
f8444a8b78614f7a9bbf7be90319f168,Kosrae State,new island record
f8444a8b78614f7a9bbf7be90319f168,Saipan,
f8444a8b78614f7a9bbf7be90319f168,Tinian,
f8444a8b78614f7a9bbf7be90319f168,Rota,
f8444a8b78614f7a9bbf7be90319f168,Guam,
0810190b899f418c9297030bab3ac95b,Republic of Palau,
0810190b899f418c9297030bab3ac95b,Yap State,
0810190b899f418c9297030bab3ac95b,Chuuk State,
0810190b899f418c9297030bab3ac95b,Pohnpei State,
0810190b899f418c9297030bab3ac95b,Kosrae State,
0810190b899f418c9297030bab3ac95b,Saipan,
0810190b899f418c9297030bab3ac95b,Tinian,
0810190b899f418c9297030bab3ac95b,Rota,
0810190b899f418c9297030bab3ac95b,Guam,
b92ce6aca29448a7b910b5159851223a,Republic of Palau,
b92ce6aca29448a7b910b5159851223a,Yap State,
b92ce6aca29448a7b910b5159851223a,Chuuk State,
b92ce6aca29448a7b910b5159851223a,Pohnpei State,
b92ce6aca29448a7b910b5159851223a,Kosrae State,
b92ce6aca29448a7b910b5159851223a,Saipan,
b92ce6aca29448a7b910b5159851223a,Tinian,
b92ce6aca29448a7b910b5159851223a,Rota,
b92ce6aca29448a7b910b5159851223a,Guam,
10c945a94dde4bd39c26b6ba2ff07274,Saipan,
10c945a94dde4bd39c26b6ba2ff07274,Tinian,
10c945a94dde4bd39c26b6ba2ff07274,Rota,
10c945a94dde4bd39c26b6ba2ff07274,Guam,
40f23254f4bd4d3ca3b24679b3687b6b,Republic of Palau,new island record
40f23254f4bd4d3ca3b24679b3687b6b,Pohnpei State,new island record
40f23254f4bd4d3ca3b24679b3687b6b,Kosrae State,new island record
40f23254f4bd4d3ca3b24679b3687b6b,Saipan,
40f23254f4bd4d3ca3b24679b3687b6b,Tinian,
40f23254f4bd4d3ca3b24679b3687b6b,Rota,
40f23254f4bd4d3ca3b24679b3687b6b,Guam,
42ab4a9181834856a0150b11db829ee7,Saipan,
42ab4a9181834856a0150b11db829ee7,Tinian,
42ab4a9181834856a0150b11db829ee7,Rota,
42ab4a9181834856a0150b11db829ee7,Guam,
c61a17feb4d84301b09b435f3dbaabdb,Republic of Palau,
c61a17feb4d84301b09b435f3dbaabdb,Yap State,
c61a17feb4d84301b09b435f3dbaabdb,Chuuk State,
ab315652232148b0a4b173a97c029fc8,Saipan,
ab315652232148b0a4b173a97c029fc8,Tinian,
ab315652232148b0a4b173a97c029fc8,Rota,
ab315652232148b0a4b173a97c029fc8,Guam,
eaf9855af1674f7485d201655dc8b6a9,Saipan,
eaf9855af1674f7485d201655dc8b6a9,Tinian,
eaf9855af1674f7485d201655dc8b6a9,Rota,
eaf9855af1674f7485d201655dc8b6a9,Guam,
298248ded3a94a8ca703a8447940ccf7,Guam,
8f65635f42974573b337acfe28a90c70,Republic of Palau,
8f65635f42974573b337acfe28a90c70,Yap State,
8f65635f42974573b337acfe28a90c70,Chuuk State,
8f65635f42974573b337acfe28a90c70,Saipan,
8f65635f42974573b337acfe28a90c70,Tinian,
8f65635f42974573b337acfe28a90c70,Rota,
8f65635f42974573b337acfe28a90c70,Guam,
f5503ae95e16429587a4ea402acb7f57,Republic of Palau,
f6ba2ebaae604b0abbc5eb6edda613d8,Guam,
c49b981a3f2f4dc79c4476f170afaa73,Yap State,new island record
c49b981a3f2f4dc79c4476f170afaa73,Pohnpei State,new island record
c49b981a3f2f4dc79c4476f170afaa73,Guam,
88e6ca5dfd624ffab316ff10280c1527,Chuuk State,
88e6ca5dfd624ffab316ff10280c1527,Kosrae State,
88e6ca5dfd624ffab316ff10280c1527,Saipan,
88e6ca5dfd624ffab316ff10280c1527,Tinian,
88e6ca5dfd624ffab316ff10280c1527,Rota,
88e6ca5dfd624ffab316ff10280c1527,Guam,
f7e97682cc3741d18878afe0e59c1bb0,Chuuk State,
930929f3eb334f0097a7005c2e4dccad,Republic of Palau,
930929f3eb334f0097a7005c2e4dccad,Yap State,new island record
930929f3eb334f0097a7005c2e4dccad,Chuuk State,
930929f3eb334f0097a7005c2e4dccad,Pohnpei State,new island record
930929f3eb334f0097a7005c2e4dccad,Kosrae State,new island record
930929f3eb334f0097a7005c2e4dccad,Saipan,
930929f3eb334f0097a7005c2e4dccad,Tinian,
930929f3eb334f0097a7005c2e4dccad,Rota,
930929f3eb334f0097a7005c2e4dccad,Guam,
c9603ec4b8074e2bb96da277ce9d05db,Republic of Palau,
c9603ec4b8074e2bb96da277ce9d05db,Yap State,
c9603ec4b8074e2bb96da277ce9d05db,Chuuk State,
c9603ec4b8074e2bb96da277ce9d05db,Pohnpei State,
c9603ec4b8074e2bb96da277ce9d05db,Saipan,
c9603ec4b8074e2bb96da277ce9d05db,Tinian,
c9603ec4b8074e2bb96da277ce9d05db,Rota,
c9603ec4b8074e2bb96da277ce9d05db,Guam,
2c6a466f566140ff98c58df0b32b4012,Republic of Palau,
2c6a466f566140ff98c58df0b32b4012,Yap State,new island record
2c6a466f566140ff98c58df0b32b4012,Saipan,
2c6a466f566140ff98c58df0b32b4012,Tinian,
2c6a466f566140ff98c58df0b32b4012,Rota,
2c6a466f566140ff98c58df0b32b4012,Guam,
5871c4ca9b1a49d0baf695982a0cdd4d,Republic of Palau,
5871c4ca9b1a49d0baf695982a0cdd4d,Yap State,
5871c4ca9b1a49d0baf695982a0cdd4d,Chuuk State,
5871c4ca9b1a49d0baf695982a0cdd4d,Pohnpei State,
5871c4ca9b1a49d0baf695982a0cdd4d,Kosrae State,
5871c4ca9b1a49d0baf695982a0cdd4d,Saipan,
5871c4ca9b1a49d0baf695982a0cdd4d,Tinian,
5871c4ca9b1a49d0baf695982a0cdd4d,Rota,
5871c4ca9b1a49d0baf695982a0cdd4d,Guam,
2facf27225824481a0bac7c1b6da1f45,Kosrae State,new island record
2facf27225824481a0bac7c1b6da1f45,Saipan,new island record
2facf27225824481a0bac7c1b6da1f45,Tinian,new island record
2facf27225824481a0bac7c1b6da1f45,Rota,new island record
2facf27225824481a0bac7c1b6da1f45,Guam,new island record
56ba1c9e7c8646688ad4bcee82cb6ee0,Mariana Islands,
215a7a0624b449c99079cb7ec9103ced,Saipan,
215a7a0624b449c99079cb7ec9103ced,Tinian,
215a7a0624b449c99079cb7ec9103ced,Rota,
215a7a0624b449c99079cb7ec9103ced,Guam,
b5a114614cbe4330be4992888d242c3d,Yap State,
b5a114614cbe4330be4992888d242c3d,Chuuk State,
b5a114614cbe4330be4992888d242c3d,Pohnpei State,
b5a114614cbe4330be4992888d242c3d,Kosrae State,
b5a114614cbe4330be4992888d242c3d,Saipan,
b5a114614cbe4330be4992888d242c3d,Tinian,
b5a114614cbe4330be4992888d242c3d,Rota,
b5a114614cbe4330be4992888d242c3d,Guam,
acd18faca1714c1fbac862f3dc358cd8,Republic of Palau,
acd18faca1714c1fbac862f3dc358cd8,Pohnpei State,
acd18faca1714c1fbac862f3dc358cd8,Saipan,
acd18faca1714c1fbac862f3dc358cd8,Tinian,
acd18faca1714c1fbac862f3dc358cd8,Rota,
acd18faca1714c1fbac862f3dc358cd8,Guam,
4b142e9eb563450e86b8baca0e96cb38,Saipan,
971647a0dffb496c9e16c16a4294aacc,Yap State,
971647a0dffb496c9e16c16a4294aacc,Chuuk State,
971647a0dffb496c9e16c16a4294aacc,Pohnpei State,
971647a0dffb496c9e16c16a4294aacc,Kosrae State,
971647a0dffb496c9e16c16a4294aacc,Saipan,
971647a0dffb496c9e16c16a4294aacc,Tinian,
971647a0dffb496c9e16c16a4294aacc,Rota,
971647a0dffb496c9e16c16a4294aacc,Guam,
a7b7c0fdc58d4a858b4ebaf981cf425a,Republic of Palau,new island record
a7b7c0fdc58d4a858b4ebaf981cf425a,Saipan,
a7b7c0fdc58d4a858b4ebaf981cf425a,Tinian,
a7b7c0fdc58d4a858b4ebaf981cf425a,Rota,
a7b7c0fdc58d4a858b4ebaf981cf425a,Guam,
b86d45494f5c499ba13bac2649f0aee0,Saipan,
b86d45494f5c499ba13bac2649f0aee0,Tinian,
b86d45494f5c499ba13bac2649f0aee0,Rota,
b86d45494f5c499ba13bac2649f0aee0,Guam,
4d7eec6f70d04dfcaa816ae5f822788e,Republic of Palau,
4d7eec6f70d04dfcaa816ae5f822788e,Saipan,
4d7eec6f70d04dfcaa816ae5f822788e,Tinian,
4d7eec6f70d04dfcaa816ae5f822788e,Rota,
4d7eec6f70d04dfcaa816ae5f822788e,Guam,
688b5cfa3c4c46e48e361acfb1420af6,Saipan,
688b5cfa3c4c46e48e361acfb1420af6,Tinian,
688b5cfa3c4c46e48e361acfb1420af6,Rota,
688b5cfa3c4c46e48e361acfb1420af6,Guam,
913d9ba9e2ef493f94a5d049b7a17def,Guam,
1a5da002959a477cba193377ce02bca3,Saipan,
1a5da002959a477cba193377ce02bca3,Tinian,
1a5da002959a477cba193377ce02bca3,Rota,
1a5da002959a477cba193377ce02bca3,Guam,
6f22ab25afab422090e10da91368c201,Republic of Palau,
6f22ab25afab422090e10da91368c201,Chuuk State,
6f22ab25afab422090e10da91368c201,Pohnpei State,
6f22ab25afab422090e10da91368c201,Saipan,
6f22ab25afab422090e10da91368c201,Tinian,
6f22ab25afab422090e10da91368c201,Rota,
c3a79e29cae848da9f12d0b3525af613,Guam,
46e7b9b60a8b4600ac162e0c464d3b12,Republic of Palau,
46e7b9b60a8b4600ac162e0c464d3b12,Yap State,
46e7b9b60a8b4600ac162e0c464d3b12,Chuuk State,
46e7b9b60a8b4600ac162e0c464d3b12,Pohnpei State,
46e7b9b60a8b4600ac162e0c464d3b12,Saipan,
46e7b9b60a8b4600ac162e0c464d3b12,Tinian,
46e7b9b60a8b4600ac162e0c464d3b12,Rota,
46e7b9b60a8b4600ac162e0c464d3b12,Guam,
27fa07fd76ed483b8b2a33cfb056f3c3,Republic of Palau,
27fa07fd76ed483b8b2a33cfb056f3c3,Yap State,
27fa07fd76ed483b8b2a33cfb056f3c3,Chuuk State,
27fa07fd76ed483b8b2a33cfb056f3c3,Saipan,
27fa07fd76ed483b8b2a33cfb056f3c3,Tinian,
27fa07fd76ed483b8b2a33cfb056f3c3,Rota,
27fa07fd76ed483b8b2a33cfb056f3c3,Guam,
383329955f54478fb6dfcbea9be2eb44,Saipan,
383329955f54478fb6dfcbea9be2eb44,Tinian,
383329955f54478fb6dfcbea9be2eb44,Rota,
383329955f54478fb6dfcbea9be2eb44,Guam,
faff16f69bfa4608b4ce0a683e3c432e,Republic of Palau,new island record
faff16f69bfa4608b4ce0a683e3c432e,Saipan,
faff16f69bfa4608b4ce0a683e3c432e,Tinian,
faff16f69bfa4608b4ce0a683e3c432e,Rota,
faff16f69bfa4608b4ce0a683e3c432e,Guam,
f35c4e0e8c2348128dfc34e2ce93892b,Pohnpei State,
f35c4e0e8c2348128dfc34e2ce93892b,Saipan,
f35c4e0e8c2348128dfc34e2ce93892b,Tinian,
f35c4e0e8c2348128dfc34e2ce93892b,Rota,
f35c4e0e8c2348128dfc34e2ce93892b,Guam,
2a34ffe391a04cea8455d7975468a159,Yap State,new island record
2a34ffe391a04cea8455d7975468a159,Guam,
1d3e3540a4e3462cb525abae340d2b73,Republic of Palau,
1d3e3540a4e3462cb525abae340d2b73,Yap State,
1d3e3540a4e3462cb525abae340d2b73,Saipan,
1d3e3540a4e3462cb525abae340d2b73,Tinian,
1d3e3540a4e3462cb525abae340d2b73,Rota,
1d3e3540a4e3462cb525abae340d2b73,Guam,
95f142c405f9433085b9a862d449e15b,Republic of Palau,
95f142c405f9433085b9a862d449e15b,Chuuk State,
95f142c405f9433085b9a862d449e15b,Saipan,
95f142c405f9433085b9a862d449e15b,Tinian,
95f142c405f9433085b9a862d449e15b,Rota,
95f142c405f9433085b9a862d449e15b,Guam,
80a854867f7e4e2594d91a135015513b,Guam,
0ea8ff8c996d4347a2631e7e9b609e62,Republic of Palau,
0ea8ff8c996d4347a2631e7e9b609e62,Saipan,
0ea8ff8c996d4347a2631e7e9b609e62,Tinian,
0ea8ff8c996d4347a2631e7e9b609e62,Rota,
0ea8ff8c996d4347a2631e7e9b609e62,Guam,
890388493901431c9a357cf9ec140131,Republic of Palau,
890388493901431c9a357cf9ec140131,Yap State,
890388493901431c9a357cf9ec140131,Chuuk State,
890388493901431c9a357cf9ec140131,Pohnpei State,
890388493901431c9a357cf9ec140131,Kosrae State,
890388493901431c9a357cf9ec140131,Saipan,
890388493901431c9a357cf9ec140131,Tinian,
890388493901431c9a357cf9ec140131,Rota,
890388493901431c9a357cf9ec140131,Guam,
a239a01fd10e4061aa3e0b6a41b5a0a7,Guam,
384d87b2571c47d29c9dc15d1563e0e7,Republic of Palau,
384d87b2571c47d29c9dc15d1563e0e7,Chuuk State,
384d87b2571c47d29c9dc15d1563e0e7,Guam,
99a7797f067d48079a91563da5b33cdf,Republic of Palau,
337ceaf23fe64d6a837c1cb830cd3483,Republic of Palau,
337ceaf23fe64d6a837c1cb830cd3483,Yap State,new island record
337ceaf23fe64d6a837c1cb830cd3483,Pohnpei State,new island record
337ceaf23fe64d6a837c1cb830cd3483,Saipan,
337ceaf23fe64d6a837c1cb830cd3483,Tinian,
337ceaf23fe64d6a837c1cb830cd3483,Rota,
337ceaf23fe64d6a837c1cb830cd3483,Guam,
25a33a53373447fb98a499bcf3bf89f9,Republic of Palau,
25a33a53373447fb98a499bcf3bf89f9,Yap State,
25a33a53373447fb98a499bcf3bf89f9,Pohnpei State,
25a33a53373447fb98a499bcf3bf89f9,Saipan,
25a33a53373447fb98a499bcf3bf89f9,Tinian,
25a33a53373447fb98a499bcf3bf89f9,Rota,
25a33a53373447fb98a499bcf3bf89f9,Guam,
c781bb6d86674a1593ade64bcf49663d,Yap State,
c781bb6d86674a1593ade64bcf49663d,Pohnpei State,
c781bb6d86674a1593ade64bcf49663d,Saipan,
c781bb6d86674a1593ade64bcf49663d,Tinian,
c781bb6d86674a1593ade64bcf49663d,Rota,
c781bb6d86674a1593ade64bcf49663d,Guam,
051201943fe942aa851a737972909868,Pohnpei State,
051201943fe942aa851a737972909868,Guam,
9e66fb5b97bf4240946a858a231b8901,Republic of Palau,
9e66fb5b97bf4240946a858a231b8901,Yap State,
9e66fb5b97bf4240946a858a231b8901,Chuuk State,
9e66fb5b97bf4240946a858a231b8901,Pohnpei State,
9e66fb5b97bf4240946a858a231b8901,Saipan,
9e66fb5b97bf4240946a858a231b8901,Tinian,
9e66fb5b97bf4240946a858a231b8901,Rota,
9e66fb5b97bf4240946a858a231b8901,Guam,
118ee83f1e4a4b4a85482b4884435c62,Republic of Palau,
118ee83f1e4a4b4a85482b4884435c62,Yap State,
118ee83f1e4a4b4a85482b4884435c62,Chuuk State,
118ee83f1e4a4b4a85482b4884435c62,Pohnpei State,
118ee83f1e4a4b4a85482b4884435c62,Kosrae State,
092805af0e1e430080a99aa91025b937,Republic of Palau,
092805af0e1e430080a99aa91025b937,Yap State,
092805af0e1e430080a99aa91025b937,Chuuk State,
092805af0e1e430080a99aa91025b937,Pohnpei State,
092805af0e1e430080a99aa91025b937,Kosrae State,
092805af0e1e430080a99aa91025b937,Guam,
d0933652279b4b8597c1c1d23ef5593f,Republic of Palau,
fe05e0b601a04a86b97403058deac979,Republic of Palau,
fe05e0b601a04a86b97403058deac979,Pohnpei State,
cefadda7b9384250a1c6a5929cc69e10,Republic of Palau,
cefadda7b9384250a1c6a5929cc69e10,Yap State,
cefadda7b9384250a1c6a5929cc69e10,Guam,
34d763dbef024d9ea6b8666358392ef6,Guam,
27155b24f7004cfeb394294f4e1ea5bd,Guam,
e32cd467993547e5b1a97c3658922f67,Guam,
d6722df9dcc1433ca47c70dbe3efa375,Chuuk State,
d6722df9dcc1433ca47c70dbe3efa375,Pohnpei State,
d6722df9dcc1433ca47c70dbe3efa375,Kosrae State,
d6722df9dcc1433ca47c70dbe3efa375,Saipan,
d6722df9dcc1433ca47c70dbe3efa375,Tinian,
d6722df9dcc1433ca47c70dbe3efa375,Rota,
d6722df9dcc1433ca47c70dbe3efa375,Guam,
4f33266f5bbd49eab412ebfca9e88d9c,Republic of Palau,
4f33266f5bbd49eab412ebfca9e88d9c,Yap State,
ad4646856d6749259cc01ec5ff934287,Republic of Palau,
b4bdc64f126344d8a0b67cd5726bd61e,Republic of Palau,
b4bdc64f126344d8a0b67cd5726bd61e,Yap State,
b4bdc64f126344d8a0b67cd5726bd61e,Chuuk State,
b4bdc64f126344d8a0b67cd5726bd61e,Pohnpei State,
b4bdc64f126344d8a0b67cd5726bd61e,Kosrae State,
e2ce3fdddb4d42aeaf8cf0f9c9d61c13,Republic of Palau,
e2ce3fdddb4d42aeaf8cf0f9c9d61c13,Guam,
4169cdf6886e4e66b476809aac0dba03,Republic of Palau,
4169cdf6886e4e66b476809aac0dba03,Chuuk State,
4169cdf6886e4e66b476809aac0dba03,Saipan,
4169cdf6886e4e66b476809aac0dba03,Tinian,
4169cdf6886e4e66b476809aac0dba03,Rota,
4169cdf6886e4e66b476809aac0dba03,Guam,
0c0de22f94214384943c2bb55232e3e8,Republic of Palau,
0c0de22f94214384943c2bb55232e3e8,Yap State,new island record
0c0de22f94214384943c2bb55232e3e8,Pohnpei State,
0c0de22f94214384943c2bb55232e3e8,Kosrae State,new island record
f517e0bcb67d4c02acf0c98cb488cb0c,Pohnpei State,
b21afe27b99d4c4ab44d14852cabc70b,Republic of Palau,
b21afe27b99d4c4ab44d14852cabc70b,Chuuk State,
b21afe27b99d4c4ab44d14852cabc70b,Saipan,
b21afe27b99d4c4ab44d14852cabc70b,Tinian,
b21afe27b99d4c4ab44d14852cabc70b,Rota,
b21afe27b99d4c4ab44d14852cabc70b,Guam,
b413330b61f04c73b3777cfe7df9ac89,Guam,
4dc36d7ea8c24a3e85962f1daad8544f,Kosrae State,
ae344b868bb44335b463102b5c961f3d,Republic of Palau,
d5e3012bfe304011beb7fe42123a5352,Republic of Palau,
d5e3012bfe304011beb7fe42123a5352,Chuuk State,
d5e3012bfe304011beb7fe42123a5352,Guam,
803e0c0367004904b0da2d335c796808,Guam,
a923d230ca2e45749deb42aea82c3680,Chuuk State,
9373382d39f3401884eb3b00a95e4a53,Chuuk State,
9373382d39f3401884eb3b00a95e4a53,Pohnpei State,
40c320c887ac406c886f33b14cde7bd6,Republic of Palau,
40c320c887ac406c886f33b14cde7bd6,Yap State,new island record
40c320c887ac406c886f33b14cde7bd6,Saipan,
40c320c887ac406c886f33b14cde7bd6,Tinian,
40c320c887ac406c886f33b14cde7bd6,Rota,
40c320c887ac406c886f33b14cde7bd6,Guam,
fd6733a9233f4e3698969337c1486550,Saipan,
fd6733a9233f4e3698969337c1486550,Tinian,
fd6733a9233f4e3698969337c1486550,Rota,
fd6733a9233f4e3698969337c1486550,Guam,
b259d07a5e0d4924b50346e8def3f50e,Saipan,
b259d07a5e0d4924b50346e8def3f50e,Tinian,
b259d07a5e0d4924b50346e8def3f50e,Rota,
b259d07a5e0d4924b50346e8def3f50e,Guam,
426ac2f8135240b6947ceb3576997fe9,Republic of Palau,
426ac2f8135240b6947ceb3576997fe9,Saipan,
426ac2f8135240b6947ceb3576997fe9,Tinian,
426ac2f8135240b6947ceb3576997fe9,Rota,
426ac2f8135240b6947ceb3576997fe9,Guam,
8117f6489f1e40b493ac1cb589a21be8,Republic of Palau,
8117f6489f1e40b493ac1cb589a21be8,Guam,
3e945a04e7af4fa58e3612fc98666941,Republic of Palau,new island record
3e945a04e7af4fa58e3612fc98666941,Saipan,
3e945a04e7af4fa58e3612fc98666941,Tinian,
3e945a04e7af4fa58e3612fc98666941,Rota,
3e945a04e7af4fa58e3612fc98666941,Guam,
d68f928137a94e74902b796a6d1dc2a5,Republic of Palau,
d68f928137a94e74902b796a6d1dc2a5,Saipan,
d68f928137a94e74902b796a6d1dc2a5,Tinian,
d68f928137a94e74902b796a6d1dc2a5,Rota,
d68f928137a94e74902b796a6d1dc2a5,Guam,
570bd458996744bca2807a269645a038,Saipan,
570bd458996744bca2807a269645a038,Tinian,
570bd458996744bca2807a269645a038,Rota,
570bd458996744bca2807a269645a038,Guam,
6bfcefae141748d0ba44788d389ac4e6,Guam,
1a03684b3df64ec68c0a80b76acc2a7b,Republic of Palau,
1a03684b3df64ec68c0a80b76acc2a7b,Yap State,
1a03684b3df64ec68c0a80b76acc2a7b,Chuuk State,
1a03684b3df64ec68c0a80b76acc2a7b,Kosrae State,
1a03684b3df64ec68c0a80b76acc2a7b,Saipan,
1a03684b3df64ec68c0a80b76acc2a7b,Tinian,
1a03684b3df64ec68c0a80b76acc2a7b,Rota,
1a03684b3df64ec68c0a80b76acc2a7b,Guam,
e3ca515490e64251be4b02ac0c2b2161,Chuuk State,new island record
e3ca515490e64251be4b02ac0c2b2161,Pohnpei State,new island record
e3ca515490e64251be4b02ac0c2b2161,Guam,
04a0a30e7a6f4a6f879adf10208d2e19,Republic of Palau,
04a0a30e7a6f4a6f879adf10208d2e19,Chuuk State,
04a0a30e7a6f4a6f879adf10208d2e19,Pohnpei State,
04a0a30e7a6f4a6f879adf10208d2e19,Kosrae State,
04a0a30e7a6f4a6f879adf10208d2e19,Saipan,
04a0a30e7a6f4a6f879adf10208d2e19,Tinian,
04a0a30e7a6f4a6f879adf10208d2e19,Rota,
04a0a30e7a6f4a6f879adf10208d2e19,Guam,
06cf071c65794ec7b7caf735cbe55592,Republic of Palau,
c6dbb1d99b65484991b5cea59d1f026a,Republic of Palau,
d87a6d3156054b059994c5a1d3dbd7a5,Chuuk State,
d87a6d3156054b059994c5a1d3dbd7a5,Pohnpei State,
d87a6d3156054b059994c5a1d3dbd7a5,Kosrae State,
d87a6d3156054b059994c5a1d3dbd7a5,Saipan,
d87a6d3156054b059994c5a1d3dbd7a5,Tinian,
d87a6d3156054b059994c5a1d3dbd7a5,Rota,
d87a6d3156054b059994c5a1d3dbd7a5,Guam,
2b000452ccb94628919bd9a6079dd943,Guam,
f630ac97b8f645ad8041f49310897609,Chuuk State,
f630ac97b8f645ad8041f49310897609,Saipan,
f630ac97b8f645ad8041f49310897609,Tinian,
f630ac97b8f645ad8041f49310897609,Rota,
f630ac97b8f645ad8041f49310897609,Guam,
6a2749197522404c9b23155e9bf7efb2,Saipan,
6a2749197522404c9b23155e9bf7efb2,Tinian,
6a2749197522404c9b23155e9bf7efb2,Rota,
6a2749197522404c9b23155e9bf7efb2,Guam,
964460d2656d4c648d30c0630af957c2,Pohnpei State,
964460d2656d4c648d30c0630af957c2,Kosrae State,
258f61dc38534757a3099d8ef4a9a1d6,Yap State,
258f61dc38534757a3099d8ef4a9a1d6,Chuuk State,
258f61dc38534757a3099d8ef4a9a1d6,Saipan,
258f61dc38534757a3099d8ef4a9a1d6,Tinian,
258f61dc38534757a3099d8ef4a9a1d6,Rota,
bdb8513ada8040ca80e72839eae17494,Republic of Palau,
bdb8513ada8040ca80e72839eae17494,Guam,
e9cfc78ca6a14e22846779cefe715ad5,Chuuk State,
e9cfc78ca6a14e22846779cefe715ad5,Kosrae State,
a5cd0e832405451699da1c64eb25666f,Republic of Palau,
91993d253773482eb1e3972a02c0c29b,Republic of Palau,
940caf124e0f414da91dd821719d4f35,Republic of Palau,
952182a61f4d4c11bd8768e2fb1c167d,Republic of Palau,
eacde6be501c4dfea8ba2d733d12c05e,Republic of Palau,new island record
eacde6be501c4dfea8ba2d733d12c05e,Pohnpei State,new island record
eacde6be501c4dfea8ba2d733d12c05e,Saipan,
eacde6be501c4dfea8ba2d733d12c05e,Tinian,
eacde6be501c4dfea8ba2d733d12c05e,Rota,
eacde6be501c4dfea8ba2d733d12c05e,Guam,
8bf640ccf2354d33b25fe6dd06d58b83,Republic of Palau,
8bf640ccf2354d33b25fe6dd06d58b83,Yap State,
8bf640ccf2354d33b25fe6dd06d58b83,Chuuk State,
8bf640ccf2354d33b25fe6dd06d58b83,Saipan,
8bf640ccf2354d33b25fe6dd06d58b83,Tinian,
8bf640ccf2354d33b25fe6dd06d58b83,Rota,
8bf640ccf2354d33b25fe6dd06d58b83,Guam,
853bc72f9a184b54ad669bea5a2e5e72,Republic of Palau,
eff050c7a6ae40f0890796a5b9a20d36,Chuuk State,
eff050c7a6ae40f0890796a5b9a20d36,Pohnpei State,
eff050c7a6ae40f0890796a5b9a20d36,Kosrae State,
eff050c7a6ae40f0890796a5b9a20d36,Saipan,
eff050c7a6ae40f0890796a5b9a20d36,Tinian,
eff050c7a6ae40f0890796a5b9a20d36,Rota,
eff050c7a6ae40f0890796a5b9a20d36,Guam,
fbc7c05e43e94f569090f6cfac8e674c,Yap State,
fbc7c05e43e94f569090f6cfac8e674c,Saipan,
fbc7c05e43e94f569090f6cfac8e674c,Tinian,
fbc7c05e43e94f569090f6cfac8e674c,Rota,
fbc7c05e43e94f569090f6cfac8e674c,Guam,
3df2fd90351040bd80a7d90f10727b7a,Pohnpei State,
3df2fd90351040bd80a7d90f10727b7a,Saipan,
3df2fd90351040bd80a7d90f10727b7a,Tinian,
3df2fd90351040bd80a7d90f10727b7a,Rota,
3df2fd90351040bd80a7d90f10727b7a,Guam,
bd9c01299253486093685625d1591a4e,Republic of Palau,
bd9c01299253486093685625d1591a4e,Yap State,
bd9c01299253486093685625d1591a4e,Pohnpei State,
bd9c01299253486093685625d1591a4e,Kosrae State,
bd9c01299253486093685625d1591a4e,Guam,
00a20b534c3942179d8b6af1681bcc7e,Guam,
77db2c384ad849048b39e66580bf0e46,Republic of Palau,
77db2c384ad849048b39e66580bf0e46,Yap State,
77db2c384ad849048b39e66580bf0e46,Chuuk State,
77db2c384ad849048b39e66580bf0e46,Pohnpei State,
77db2c384ad849048b39e66580bf0e46,Kosrae State,
77db2c384ad849048b39e66580bf0e46,Saipan,
77db2c384ad849048b39e66580bf0e46,Tinian,
77db2c384ad849048b39e66580bf0e46,Rota,
77db2c384ad849048b39e66580bf0e46,Guam,
41aea43945ce45f9b7c63ee8bd5a515d,Kosrae State,
41aea43945ce45f9b7c63ee8bd5a515d,Saipan,new island record
41aea43945ce45f9b7c63ee8bd5a515d,Tinian,new island record
41aea43945ce45f9b7c63ee8bd5a515d,Rota,new island record
41aea43945ce45f9b7c63ee8bd5a515d,Guam,new island record
76b5c60652ee40c593b85d78f9efbbee,Guam,
99a96ce605654fe88a4cba88510c1ac4,Yap State,
99a96ce605654fe88a4cba88510c1ac4,Chuuk State,
99a96ce605654fe88a4cba88510c1ac4,Pohnpei State,
99a96ce605654fe88a4cba88510c1ac4,Kosrae State,
99a96ce605654fe88a4cba88510c1ac4,Saipan,
99a96ce605654fe88a4cba88510c1ac4,Tinian,
99a96ce605654fe88a4cba88510c1ac4,Rota,
99a96ce605654fe88a4cba88510c1ac4,Guam,
1bf417de60304be980b63c10472e84ce,Republic of Palau,
1bf417de60304be980b63c10472e84ce,Chuuk State,
1bf417de60304be980b63c10472e84ce,Pohnpei State,
1bf417de60304be980b63c10472e84ce,Kosrae State,
1bf417de60304be980b63c10472e84ce,Saipan,
1bf417de60304be980b63c10472e84ce,Tinian,
1bf417de60304be980b63c10472e84ce,Rota,
1bf417de60304be980b63c10472e84ce,Guam,
865c24a783b84cd7a9829fb445956633,Guam,
106ca8e325984d5abdde79b7fadabb91,Republic of Palau,
106ca8e325984d5abdde79b7fadabb91,Yap State,
106ca8e325984d5abdde79b7fadabb91,Chuuk State,
106ca8e325984d5abdde79b7fadabb91,Pohnpei State,
106ca8e325984d5abdde79b7fadabb91,Saipan,
106ca8e325984d5abdde79b7fadabb91,Tinian,
106ca8e325984d5abdde79b7fadabb91,Rota,
106ca8e325984d5abdde79b7fadabb91,Guam,
b10eec24c8de473693a5cc15760e8710,Republic of Palau,
6654cbb1843748daa55107f0fb057597,Chuuk State,new island record
6654cbb1843748daa55107f0fb057597,Pohnpei State,new island record
6654cbb1843748daa55107f0fb057597,Kosrae State,
6654cbb1843748daa55107f0fb057597,Guam,
e1a9d5a3471b444cad9e0be353ee3951,Republic of Palau,
65bb33cfba2747638d76e04196c01b5a,Saipan,
65bb33cfba2747638d76e04196c01b5a,Tinian,
65bb33cfba2747638d76e04196c01b5a,Rota,
65bb33cfba2747638d76e04196c01b5a,Guam,
72f64c8c075f48f2ba79dea263d6e8f5,Chuuk State,
72f64c8c075f48f2ba79dea263d6e8f5,Pohnpei State,
e0e05d494deb42b4b33fae5109523f00,Pohnpei State,
e0e05d494deb42b4b33fae5109523f00,Saipan,
fa2d440377634a869e2c3adaf113342a,Chuuk State,
fa2d440377634a869e2c3adaf113342a,Pohnpei State,
fa2d440377634a869e2c3adaf113342a,Saipan,
fa2d440377634a869e2c3adaf113342a,Tinian,
fa2d440377634a869e2c3adaf113342a,Rota,
fa2d440377634a869e2c3adaf113342a,Guam,
e954f0e4c45c4d08890e9f389e58623f,Republic of Palau,
e954f0e4c45c4d08890e9f389e58623f,Chuuk State,
e954f0e4c45c4d08890e9f389e58623f,Saipan,
e954f0e4c45c4d08890e9f389e58623f,Tinian,
e954f0e4c45c4d08890e9f389e58623f,Rota,
e954f0e4c45c4d08890e9f389e58623f,Guam,
ee44c6c5b1034c029e32d67c1353b33a,Republic of Palau,
ee44c6c5b1034c029e32d67c1353b33a,Chuuk State,
ee44c6c5b1034c029e32d67c1353b33a,Pohnpei State,
ee44c6c5b1034c029e32d67c1353b33a,Kosrae State,
ee44c6c5b1034c029e32d67c1353b33a,Saipan,
ee44c6c5b1034c029e32d67c1353b33a,Tinian,
ee44c6c5b1034c029e32d67c1353b33a,Rota,
ee44c6c5b1034c029e32d67c1353b33a,Guam,
5730a1c348bf4885bc301175c7ed506f,Guam,
e11a4b75170b4c67b666cd2ddec9632c,Guam,
9adc30fc0de9435e8464865f55dad21a,Guam,
1ebfd44d32544eb9a034f873ec3e2fc7,Saipan,
1ebfd44d32544eb9a034f873ec3e2fc7,Tinian,
1ebfd44d32544eb9a034f873ec3e2fc7,Rota,
1ebfd44d32544eb9a034f873ec3e2fc7,Guam,
6eb53c9677f546759a8d50d44264957f,Saipan,
6eb53c9677f546759a8d50d44264957f,Tinian,
6eb53c9677f546759a8d50d44264957f,Rota,
6eb53c9677f546759a8d50d44264957f,Guam,
b2bf58384ce8497e8a4507b77d073130,Republic of Palau,
b2bf58384ce8497e8a4507b77d073130,Guam,
04b3b06755da4ecfb89f6724f5cfeb5c,Republic of Palau,
04b3b06755da4ecfb89f6724f5cfeb5c,Yap State,
04b3b06755da4ecfb89f6724f5cfeb5c,Mariana Islands,
dd9148b079334c68b11337d296ba659b,Republic of Palau,
dd9148b079334c68b11337d296ba659b,Saipan,
dd9148b079334c68b11337d296ba659b,Tinian,
dd9148b079334c68b11337d296ba659b,Rota,
dd9148b079334c68b11337d296ba659b,Guam,
341501ff8a1f425bb6eb269b5193f27f,Guam,
e476ed3a71164f74b6d7dea5a6529e74,Guam,
4948605e9cba418896c82aa512603bcc,Republic of Palau,
4948605e9cba418896c82aa512603bcc,Yap State,
4948605e9cba418896c82aa512603bcc,Chuuk State,
4948605e9cba418896c82aa512603bcc,Saipan,
4948605e9cba418896c82aa512603bcc,Tinian,
4948605e9cba418896c82aa512603bcc,Rota,
4948605e9cba418896c82aa512603bcc,Guam,
a38ebe5c49c74b899ab728797fca13bd,Guam,
59646300592b44fd9c239af7f4b9fe2e,Republic of Palau,
111c72cddf3c4d92a527f5ea4453af9f,Chuuk State,
79610693139640c1a6959b31128ce3e0,Republic of Palau,
9535bd02e46f482fbf68eda889821c7b,Republic of Palau,
9535bd02e46f482fbf68eda889821c7b,Yap State,
9535bd02e46f482fbf68eda889821c7b,Saipan,
9535bd02e46f482fbf68eda889821c7b,Tinian,
9535bd02e46f482fbf68eda889821c7b,Rota,
9535bd02e46f482fbf68eda889821c7b,Guam,
a66cc582ac2943c5b76944263104f73c,Yap State,
a66cc582ac2943c5b76944263104f73c,Saipan,
a66cc582ac2943c5b76944263104f73c,Tinian,
a66cc582ac2943c5b76944263104f73c,Rota,
a66cc582ac2943c5b76944263104f73c,Guam,
be5819e2dd96448ba7aec80db52d8ce7,Republic of Palau,new island record
be5819e2dd96448ba7aec80db52d8ce7,Saipan,
be5819e2dd96448ba7aec80db52d8ce7,Tinian,
be5819e2dd96448ba7aec80db52d8ce7,Rota,
be5819e2dd96448ba7aec80db52d8ce7,Guam,
cddd565880f14587956b0eb8cbbcf048,Chuuk State,
1ad748e4c5164a93b443caa1c7d7c303,Guam,
8dfbdbb07bf94fc4ad96447d9ca86a96,Chuuk State,
8dfbdbb07bf94fc4ad96447d9ca86a96,Pohnpei State,
8dfbdbb07bf94fc4ad96447d9ca86a96,Guam,
1b3a62f9f4434a13a702d96a7528d844,Republic of Palau,
1b3a62f9f4434a13a702d96a7528d844,Saipan,
1b3a62f9f4434a13a702d96a7528d844,Tinian,
1b3a62f9f4434a13a702d96a7528d844,Rota,
1b3a62f9f4434a13a702d96a7528d844,Guam,
f6a24cc58cdb4d40ad32086e104b0064,Guam,
379403c48a1e472dab21230a3a2260b0,Guam,
6e23100abe824d37b93fbcd31a0651a9,Saipan,
6e23100abe824d37b93fbcd31a0651a9,Tinian,
6e23100abe824d37b93fbcd31a0651a9,Rota,
6e23100abe824d37b93fbcd31a0651a9,Guam,
01e39ad8bf0f4594b2a16b94f2cd161d,Republic of Palau,
01e39ad8bf0f4594b2a16b94f2cd161d,Yap State,
9cf60ec770794ccba2982a00edc80983,Saipan,
82681a1f9c9b4ec593b62c022baa3de3,Guam,
5bb893f2e3464be5b73e7918e99a65c8,Yap State,
5bb893f2e3464be5b73e7918e99a65c8,Kosrae State,
2a2303fff65a49e7872c171c66a888c3,Kosrae State,
c6d0616a6e3b48f68b69c2e3dde8af76,Saipan,
c6d0616a6e3b48f68b69c2e3dde8af76,Tinian,
c6d0616a6e3b48f68b69c2e3dde8af76,Rota,
b1c04f6294ef418dbe370b948131742f,Guam,
b73bf48336344845aae5972227b236cf,Saipan,
b73bf48336344845aae5972227b236cf,Tinian,
b73bf48336344845aae5972227b236cf,Rota,
b73bf48336344845aae5972227b236cf,Guam,
460e035a6ea842d990ca8485a0efee91,Republic of Palau,
460e035a6ea842d990ca8485a0efee91,Saipan,
460e035a6ea842d990ca8485a0efee91,Tinian,
460e035a6ea842d990ca8485a0efee91,Rota,
460e035a6ea842d990ca8485a0efee91,Guam,
44f1e65ca3de4601acbc7ee8827ddb44,Republic of Palau,
44f1e65ca3de4601acbc7ee8827ddb44,Pohnpei State,new island record
44f1e65ca3de4601acbc7ee8827ddb44,Guam,
fda057664a59430e80bd68f6b2c768e1,Guam,
395542917c3840f992f02aeefecb1f87,Republic of Palau,
916c40591b394540ae85b5cec35201b6,Guam,
a3ffeaab1a2246b2a9176e1ab99f0572,Chuuk State,
a3ffeaab1a2246b2a9176e1ab99f0572,Pohnpei State,
ee495a6e80924a00addb4fee1e4f6a0b,Saipan,
ee495a6e80924a00addb4fee1e4f6a0b,Tinian,
ee495a6e80924a00addb4fee1e4f6a0b,Rota,
ee495a6e80924a00addb4fee1e4f6a0b,Guam,
b63586daae0b46c79e9ac7d0979f1cdb,Kosrae State,
b63586daae0b46c79e9ac7d0979f1cdb,Saipan,
b63586daae0b46c79e9ac7d0979f1cdb,Tinian,
b63586daae0b46c79e9ac7d0979f1cdb,Rota,
b63586daae0b46c79e9ac7d0979f1cdb,Guam,
420a5c53a7ae4522b956a954018299f5,Guam,
4c6b65d816864b8fa745adc2ddee2543,Saipan,
4c6b65d816864b8fa745adc2ddee2543,Tinian,
4c6b65d816864b8fa745adc2ddee2543,Rota,
4c6b65d816864b8fa745adc2ddee2543,Guam,
4e4fb9f6a4ff407c86838d24aa1e0bb3,Guam,
d6409e13b5574bdfaa83063c0b0610ae,Guam,
f741887798c8475eb0cafdfdedbefaf2,Guam,
a91b81360dee4d1cb1259e4c8d4e0c38,Saipan,
a91b81360dee4d1cb1259e4c8d4e0c38,Tinian,
a91b81360dee4d1cb1259e4c8d4e0c38,Rota,
8d4eca042f884b4e951d01709cb3c3cc,Guam,
2f5e888c6e304ca2bb37a7acf10fc2b1,Guam,
a411504287a7495d8225d0b11fdba267,Saipan,
a411504287a7495d8225d0b11fdba267,Tinian,
a411504287a7495d8225d0b11fdba267,Rota,
a411504287a7495d8225d0b11fdba267,Guam,
0aacc6a801764840ac576ec45409bc64,Pohnpei State,
6b29562d6b2d407c817bc546ae282e8c,Guam,
bfc5581ff57d48f59a8ec1a91a19427b,Yap State,new island record
bfc5581ff57d48f59a8ec1a91a19427b,Chuuk State,
bfc5581ff57d48f59a8ec1a91a19427b,Pohnpei State,new island record
bfc5581ff57d48f59a8ec1a91a19427b,Kosrae State,new island record
bfc5581ff57d48f59a8ec1a91a19427b,Saipan,
bfc5581ff57d48f59a8ec1a91a19427b,Tinian,
bfc5581ff57d48f59a8ec1a91a19427b,Rota,
bfc5581ff57d48f59a8ec1a91a19427b,Guam,
9701c74bfd474547a23ba9a8b0f4caae,Pohnpei State,new island record
86de647ea1254529ab277b06962da84d,Republic of Palau,
86de647ea1254529ab277b06962da84d,Chuuk State,new island record
86de647ea1254529ab277b06962da84d,Pohnpei State,
41e9fe680b0642389adcbf157519f5c6,Yap State,new island record
41e9fe680b0642389adcbf157519f5c6,Chuuk State,
41e9fe680b0642389adcbf157519f5c6,Pohnpei State,
41e9fe680b0642389adcbf157519f5c6,Saipan,
d277290ce2ac4252a29d23f911a2126c,Republic of Palau,
d277290ce2ac4252a29d23f911a2126c,Pohnpei State,
f77a2904e63341ebb84b5f41f031ac1f,Kosrae State,
068712fd1a564e51adea483f6421d283,Saipan,
068712fd1a564e51adea483f6421d283,Tinian,
068712fd1a564e51adea483f6421d283,Rota,
068712fd1a564e51adea483f6421d283,Guam,
79c1f9d838c3455c8f4c9fbbd4a36d8e,Kosrae State,
d015635694304a859fcea3490fdb86e0,Guam,
37b46b6db5834cb99a50597bce8ccad9,Republic of Palau,
37b46b6db5834cb99a50597bce8ccad9,Yap State,new island record
37b46b6db5834cb99a50597bce8ccad9,Saipan,
37b46b6db5834cb99a50597bce8ccad9,Tinian,
37b46b6db5834cb99a50597bce8ccad9,Rota,
37b46b6db5834cb99a50597bce8ccad9,Guam,
0924243ca5e242a9bb6bb87568d00e31,Republic of Palau,
0924243ca5e242a9bb6bb87568d00e31,Yap State,
0924243ca5e242a9bb6bb87568d00e31,Saipan,
0924243ca5e242a9bb6bb87568d00e31,Tinian,
0924243ca5e242a9bb6bb87568d00e31,Rota,
0924243ca5e242a9bb6bb87568d00e31,Guam,
f9427c06c6f94038afc484f0c828f407,Republic of Palau,
f9427c06c6f94038afc484f0c828f407,Yap State,
f9427c06c6f94038afc484f0c828f407,Saipan,
f9427c06c6f94038afc484f0c828f407,Tinian,
f9427c06c6f94038afc484f0c828f407,Rota,
240f497a1af24a11ae517313ffaf0e36,Guam,
d5405a62c9b44bc2a956b109504d66b3,Guam,
b7067cb3f7914b69bd55d8332edee967,Republic of Palau,
b7067cb3f7914b69bd55d8332edee967,Yap State,
b7067cb3f7914b69bd55d8332edee967,Pohnpei State,
b7067cb3f7914b69bd55d8332edee967,Saipan,
b7067cb3f7914b69bd55d8332edee967,Tinian,
b7067cb3f7914b69bd55d8332edee967,Rota,
b7067cb3f7914b69bd55d8332edee967,Guam,
4ee9d943e4814ca194299d79d1a3ec43,Republic of Palau,
4ee9d943e4814ca194299d79d1a3ec43,Yap State,
4ee9d943e4814ca194299d79d1a3ec43,Chuuk State,
4ee9d943e4814ca194299d79d1a3ec43,Pohnpei State,
4ee9d943e4814ca194299d79d1a3ec43,Saipan,
4ee9d943e4814ca194299d79d1a3ec43,Tinian,
4ee9d943e4814ca194299d79d1a3ec43,Rota,
4ee9d943e4814ca194299d79d1a3ec43,Guam,
a51f66acae744fe79465133b19d00b02,Republic of Palau,
a51f66acae744fe79465133b19d00b02,Yap State,
a51f66acae744fe79465133b19d00b02,Chuuk State,
a51f66acae744fe79465133b19d00b02,Pohnpei State,
a51f66acae744fe79465133b19d00b02,Saipan,
a51f66acae744fe79465133b19d00b02,Tinian,
a51f66acae744fe79465133b19d00b02,Rota,
a51f66acae744fe79465133b19d00b02,Guam,
f2e8e37342804d46b885325783a78831,Republic of Palau,
f2e8e37342804d46b885325783a78831,Yap State,
f2e8e37342804d46b885325783a78831,Saipan,
f2e8e37342804d46b885325783a78831,Tinian,
f2e8e37342804d46b885325783a78831,Rota,
f2e8e37342804d46b885325783a78831,Guam,
00c134a2516a4355ab72b83c9060ec78,Republic of Palau,
00c134a2516a4355ab72b83c9060ec78,Yap State,
00c134a2516a4355ab72b83c9060ec78,Chuuk State,
00c134a2516a4355ab72b83c9060ec78,Pohnpei State,
00c134a2516a4355ab72b83c9060ec78,Saipan,
00c134a2516a4355ab72b83c9060ec78,Tinian,
00c134a2516a4355ab72b83c9060ec78,Rota,
00c134a2516a4355ab72b83c9060ec78,Guam,
04a800eb60334a65ae6e3b48feac2835,Republic of Palau,
04a800eb60334a65ae6e3b48feac2835,Yap State,
04a800eb60334a65ae6e3b48feac2835,Saipan,
04a800eb60334a65ae6e3b48feac2835,Tinian,
04a800eb60334a65ae6e3b48feac2835,Rota,
04a800eb60334a65ae6e3b48feac2835,Guam,
cfa5e5703f2c41d1bcd774707a2af423,Republic of Palau,
cfa5e5703f2c41d1bcd774707a2af423,Saipan,
cfa5e5703f2c41d1bcd774707a2af423,Tinian,
cfa5e5703f2c41d1bcd774707a2af423,Rota,
cfa5e5703f2c41d1bcd774707a2af423,Guam,
51d67e2b577b4d798dfdd4115fc9ef3e,Republic of Palau,
51d67e2b577b4d798dfdd4115fc9ef3e,Yap State,
51d67e2b577b4d798dfdd4115fc9ef3e,Chuuk State,
51d67e2b577b4d798dfdd4115fc9ef3e,Pohnpei State,
51d67e2b577b4d798dfdd4115fc9ef3e,Kosrae State,
51d67e2b577b4d798dfdd4115fc9ef3e,Saipan,
51d67e2b577b4d798dfdd4115fc9ef3e,Tinian,
51d67e2b577b4d798dfdd4115fc9ef3e,Rota,
51d67e2b577b4d798dfdd4115fc9ef3e,Guam,
b03ec77d9dbc4294a739fd47e4afa64e,Chuuk State,
b03ec77d9dbc4294a739fd47e4afa64e,Pohnpei State,
b03ec77d9dbc4294a739fd47e4afa64e,Kosrae State,
b03ec77d9dbc4294a739fd47e4afa64e,Saipan,
b03ec77d9dbc4294a739fd47e4afa64e,Tinian,
b03ec77d9dbc4294a739fd47e4afa64e,Rota,
b03ec77d9dbc4294a739fd47e4afa64e,Guam,
a7897f1ddbbb4f7c885e18cd7988649a,Republic of Palau,new island record
a7897f1ddbbb4f7c885e18cd7988649a,Saipan,
a7897f1ddbbb4f7c885e18cd7988649a,Tinian,
a7897f1ddbbb4f7c885e18cd7988649a,Rota,
e889347b196b47a088b45d9da3b34be4,Saipan,
e889347b196b47a088b45d9da3b34be4,Tinian,
e889347b196b47a088b45d9da3b34be4,Rota,
e889347b196b47a088b45d9da3b34be4,Guam,
6b8e22a1f71746f69756862ffbba8492,Saipan,
6b8e22a1f71746f69756862ffbba8492,Tinian,
6b8e22a1f71746f69756862ffbba8492,Rota,
6b8e22a1f71746f69756862ffbba8492,Guam,
4468f085e1d94b3ca82dc62569e11d54,Yap State,new island record
4468f085e1d94b3ca82dc62569e11d54,Chuuk State,new island record
4468f085e1d94b3ca82dc62569e11d54,Pohnpei State,new island record
4468f085e1d94b3ca82dc62569e11d54,Kosrae State,new island record
6a99f42746844dc9b695248d3804fce7,Chuuk State,
6a99f42746844dc9b695248d3804fce7,Pohnpei State,
6a99f42746844dc9b695248d3804fce7,Kosrae State,
078d28eb1f6041828bf2b3c56b6b6e44,Saipan,
078d28eb1f6041828bf2b3c56b6b6e44,Tinian,
078d28eb1f6041828bf2b3c56b6b6e44,Rota,
92916a5896b0420cbba55a9da71542c3,Guam,
09c43df8b84c42c7adecdba33792d6c4,Republic of Palau,
009b307179164d2aa9402de59ca422d6,Guam,
a60ed45ba6db47e5a2f8aacda5a54297,Pohnpei State,
a60ed45ba6db47e5a2f8aacda5a54297,Guam,
74d6b0cf35c1410faf88092e75804fe8,Republic of Palau,
84ba67e830fd4cd6aafd824905690c31,Chuuk State,new island record
84ba67e830fd4cd6aafd824905690c31,Pohnpei State,new island record
84ba67e830fd4cd6aafd824905690c31,Guam,
ec9b87b653db4c7e9591c1939f3ec3b1,Guam,
d028a090dccd42f4b8ef1cc96c671b8c,Saipan,
d028a090dccd42f4b8ef1cc96c671b8c,Tinian,
d028a090dccd42f4b8ef1cc96c671b8c,Rota,
d028a090dccd42f4b8ef1cc96c671b8c,Guam,
0813c92be4154485a91a416ac076ee96,Republic of Palau,
0813c92be4154485a91a416ac076ee96,Chuuk State,
0813c92be4154485a91a416ac076ee96,Pohnpei State,
5040ba580ff44768a7873e32f1d76c1d,Republic of Palau,
5040ba580ff44768a7873e32f1d76c1d,Yap State,
5040ba580ff44768a7873e32f1d76c1d,Pohnpei State,
5040ba580ff44768a7873e32f1d76c1d,Kosrae State,
5040ba580ff44768a7873e32f1d76c1d,Saipan,
5040ba580ff44768a7873e32f1d76c1d,Tinian,
5040ba580ff44768a7873e32f1d76c1d,Rota,
5040ba580ff44768a7873e32f1d76c1d,Guam,
54a2a9d4ab7d4ff28927ed8a54f1cd21,Republic of Palau,
54a2a9d4ab7d4ff28927ed8a54f1cd21,Yap State,
54a2a9d4ab7d4ff28927ed8a54f1cd21,Saipan,
54a2a9d4ab7d4ff28927ed8a54f1cd21,Tinian,
54a2a9d4ab7d4ff28927ed8a54f1cd21,Rota,
54a2a9d4ab7d4ff28927ed8a54f1cd21,Guam,
404afeed2fdf423da91cc4b8336c3299,Republic of Palau,
404afeed2fdf423da91cc4b8336c3299,Mariana Islands,
ec13f65bcf454384a8dfa34e209d64ee,Guam,
ccc5110586ef4b3cb5b21f4058d695b6,Saipan,
ccc5110586ef4b3cb5b21f4058d695b6,Tinian,
ccc5110586ef4b3cb5b21f4058d695b6,Rota,
06db3711f3f9452f9434f6641b76d887,Saipan,
06db3711f3f9452f9434f6641b76d887,Tinian,
06db3711f3f9452f9434f6641b76d887,Rota,
06db3711f3f9452f9434f6641b76d887,Guam,
e369931813d4420bac307a522fbde6b6,Saipan,
e369931813d4420bac307a522fbde6b6,Tinian,
e369931813d4420bac307a522fbde6b6,Rota,
e369931813d4420bac307a522fbde6b6,Guam,
6ecc50012ce7421297e096e132beb5ea,Pohnpei State,
6ecc50012ce7421297e096e132beb5ea,Saipan,
6ecc50012ce7421297e096e132beb5ea,Tinian,
6ecc50012ce7421297e096e132beb5ea,Rota,
6ecc50012ce7421297e096e132beb5ea,Guam,
66abdc3e58444c0fb9c34cd9f0af7935,Guam,
456ccc6122e548269e0f91af0003ca15,Yap State,
456ccc6122e548269e0f91af0003ca15,Saipan,
456ccc6122e548269e0f91af0003ca15,Tinian,
456ccc6122e548269e0f91af0003ca15,Rota,
456ccc6122e548269e0f91af0003ca15,Guam,
3f627f2ff9f84bcfb3bef261784436e7,Republic of Palau,
3f627f2ff9f84bcfb3bef261784436e7,Yap State,
3f627f2ff9f84bcfb3bef261784436e7,Chuuk State,
3f627f2ff9f84bcfb3bef261784436e7,Saipan,
3f627f2ff9f84bcfb3bef261784436e7,Tinian,
3f627f2ff9f84bcfb3bef261784436e7,Rota,
3f627f2ff9f84bcfb3bef261784436e7,Guam,
5482d0b5cf0843cca83fd5e45f8ef69f,Republic of Palau,
5482d0b5cf0843cca83fd5e45f8ef69f,Pohnpei State,
5482d0b5cf0843cca83fd5e45f8ef69f,Guam,
50a7f7ed42114bd5b0d8305fb0437ee1,Republic of Palau,
50a7f7ed42114bd5b0d8305fb0437ee1,Yap State,
50a7f7ed42114bd5b0d8305fb0437ee1,Saipan,
50a7f7ed42114bd5b0d8305fb0437ee1,Tinian,
50a7f7ed42114bd5b0d8305fb0437ee1,Rota,
50a7f7ed42114bd5b0d8305fb0437ee1,Guam,
4387f075d9f346f389fe4ad272c1ab82,Republic of Palau,
4387f075d9f346f389fe4ad272c1ab82,Yap State,
483985ed174d4b7d9ec727c37b213ab3,Republic of Palau,
483985ed174d4b7d9ec727c37b213ab3,Pohnpei State,
483985ed174d4b7d9ec727c37b213ab3,Saipan,
483985ed174d4b7d9ec727c37b213ab3,Tinian,
483985ed174d4b7d9ec727c37b213ab3,Rota,
483985ed174d4b7d9ec727c37b213ab3,Guam,
bea3e92babda43379f08f2053d563677,Guam,
405643a53679450ab8ae557721153a27,Guam,
e4ca17894d9942a390a526b3acbeca08,Guam,
83ce5c2c7a4849398f9df62197f694aa,Guam,
8a8eb94e2c634daba2ec2438bfc5fb98,Saipan,
8a8eb94e2c634daba2ec2438bfc5fb98,Tinian,
8a8eb94e2c634daba2ec2438bfc5fb98,Rota,
8a8eb94e2c634daba2ec2438bfc5fb98,Guam,
2a5f5535d9c94291bb87f6734bba8e1a,Yap State,
2a5f5535d9c94291bb87f6734bba8e1a,Saipan,
2a5f5535d9c94291bb87f6734bba8e1a,Tinian,
2a5f5535d9c94291bb87f6734bba8e1a,Rota,
2a5f5535d9c94291bb87f6734bba8e1a,Guam,
bb1ace4e3c1a4b7698fd92a7817ee503,Guam,
6026c99935f948f38fe7bca5b75ec38d,Republic of Palau,
5da692299b224ac2bbb3880ca82eca40,Republic of Palau,
382456d7eb8849dd9159fe0ef63c29ee,Chuuk State,
382456d7eb8849dd9159fe0ef63c29ee,Pohnpei State,
a5193607a9cb43d5a9337e45ada11af2,Republic of Palau,
06574ab3f31440db8f00743250205014,Saipan,
06574ab3f31440db8f00743250205014,Tinian,
06574ab3f31440db8f00743250205014,Rota,
06574ab3f31440db8f00743250205014,Guam,
29109d44951c44e0be691412c12b7846,Saipan,
29109d44951c44e0be691412c12b7846,Tinian,
29109d44951c44e0be691412c12b7846,Rota,
29109d44951c44e0be691412c12b7846,Guam,
147cf9cda2974296aaf42d6c709a20d0,Chuuk State,
147cf9cda2974296aaf42d6c709a20d0,Pohnpei State,
147cf9cda2974296aaf42d6c709a20d0,Kosrae State,
147cf9cda2974296aaf42d6c709a20d0,Guam,
7ceb0990c88b4c4b89e70cc6140ae628,Saipan,
7ceb0990c88b4c4b89e70cc6140ae628,Tinian,
7ceb0990c88b4c4b89e70cc6140ae628,Rota,
7ceb0990c88b4c4b89e70cc6140ae628,Guam,
e8f26da3731f4ac9a1e7a52cfdceb75a,Pohnpei State,
c6a75aeacf304b3a81b4616c42f61151,Saipan,
c6a75aeacf304b3a81b4616c42f61151,Tinian,
c6a75aeacf304b3a81b4616c42f61151,Rota,
c6a75aeacf304b3a81b4616c42f61151,Guam,
649f01f8afb24623a76933250a0f3147,Chuuk State,
d8fa4f71d266407ea11a9bd108d8788b,Pohnpei State,
1d5b09bf1fd4422fad07220efdfcce40,Republic of Palau,
6b149317d92a477581bebd62b826d339,Chuuk State,
6b149317d92a477581bebd62b826d339,Saipan,
6b149317d92a477581bebd62b826d339,Tinian,
6b149317d92a477581bebd62b826d339,Rota,
6b149317d92a477581bebd62b826d339,Guam,
7781bb8b8a1e4339b4de3f98f4f7a9f7,Republic of Palau,
3d491895ba944afab8755d93737b1dcf,Saipan,
3d491895ba944afab8755d93737b1dcf,Tinian,
3d491895ba944afab8755d93737b1dcf,Rota,
3d491895ba944afab8755d93737b1dcf,Guam,
d6aac7879dd047b2aeff62ebff08295b,Republic of Palau,
a6346bfec7b74ae08fddd50934a993b0,Pohnpei State,
b6e541d02e1543fb85f4563e7941b288,Saipan,
b6e541d02e1543fb85f4563e7941b288,Tinian,
b6e541d02e1543fb85f4563e7941b288,Rota,
b6e541d02e1543fb85f4563e7941b288,Guam,
80630421f6a34d40a530f093618d632c,Kosrae State,
5c7e3f72498f4ef1889e97efd1cb303e,Republic of Palau,
5c7e3f72498f4ef1889e97efd1cb303e,Yap State,
5c7e3f72498f4ef1889e97efd1cb303e,Chuuk State,
5c7e3f72498f4ef1889e97efd1cb303e,Pohnpei State,
5c7e3f72498f4ef1889e97efd1cb303e,Saipan,
5c7e3f72498f4ef1889e97efd1cb303e,Tinian,
5c7e3f72498f4ef1889e97efd1cb303e,Rota,
5c7e3f72498f4ef1889e97efd1cb303e,Guam,
e25a370c9d38400a8383f43393e40813,Republic of Palau,
e25a370c9d38400a8383f43393e40813,Yap State,
e25a370c9d38400a8383f43393e40813,Chuuk State,
e25a370c9d38400a8383f43393e40813,Pohnpei State,
e25a370c9d38400a8383f43393e40813,Kosrae State,
e25a370c9d38400a8383f43393e40813,Guam,
8e800dbd39c04cac9ce4e55ff5764fb5,Republic of Palau,
8e800dbd39c04cac9ce4e55ff5764fb5,Yap State,
8e800dbd39c04cac9ce4e55ff5764fb5,Chuuk State,
8e800dbd39c04cac9ce4e55ff5764fb5,Kosrae State,
8e800dbd39c04cac9ce4e55ff5764fb5,Saipan,
8e800dbd39c04cac9ce4e55ff5764fb5,Tinian,
8e800dbd39c04cac9ce4e55ff5764fb5,Rota,
8e800dbd39c04cac9ce4e55ff5764fb5,Guam,
c0ca69891e07406ba28b82051097077e,Guam,
9d8cf04f7ede47c3ae6b73050f4f251b,Republic of Palau,
9d8cf04f7ede47c3ae6b73050f4f251b,Guam,
ca44f4012428425d8effa35d21b547d4,Republic of Palau,
c184820e4e8b4de6878fff695c9d4275,Guam,
37c3f96c06d241ecbcb76e310c7f83b1,Republic of Palau,
37c3f96c06d241ecbcb76e310c7f83b1,Saipan,
37c3f96c06d241ecbcb76e310c7f83b1,Tinian,
37c3f96c06d241ecbcb76e310c7f83b1,Rota,
37c3f96c06d241ecbcb76e310c7f83b1,Guam,
114312f8d62a4205948df3916596ffee,Republic of Palau,
2e4c6551e0ba4c79a4f941a3703b3b4c,Republic of Palau,
2e4c6551e0ba4c79a4f941a3703b3b4c,Yap State,
2e4c6551e0ba4c79a4f941a3703b3b4c,Saipan,
2e4c6551e0ba4c79a4f941a3703b3b4c,Tinian,
2e4c6551e0ba4c79a4f941a3703b3b4c,Rota,
2e4c6551e0ba4c79a4f941a3703b3b4c,Guam,
a7c51a4d8c5e49df9d69625978d44282,Saipan,
a7c51a4d8c5e49df9d69625978d44282,Tinian,
a7c51a4d8c5e49df9d69625978d44282,Rota,
a7c51a4d8c5e49df9d69625978d44282,Guam,
33b5b39ca54b430a9c523ab9c02d08ae,Republic of Palau,
33b5b39ca54b430a9c523ab9c02d08ae,Yap State,
8a5fc9ebc1844522b590b05958a05f98,Yap State,
cfe5d36a6c7541abb9312dc0c9c79d45,Republic of Palau,
cfe5d36a6c7541abb9312dc0c9c79d45,Yap State,
cfe5d36a6c7541abb9312dc0c9c79d45,Chuuk State,
cfe5d36a6c7541abb9312dc0c9c79d45,Saipan,
cfe5d36a6c7541abb9312dc0c9c79d45,Tinian,
cfe5d36a6c7541abb9312dc0c9c79d45,Rota,
cfe5d36a6c7541abb9312dc0c9c79d45,Guam,
0c4a821755924219a1e6b5ee9b673478,Chuuk State,
f396912439d34584a37c286f6eabfb20,Saipan,
f396912439d34584a37c286f6eabfb20,Tinian,
f396912439d34584a37c286f6eabfb20,Rota,
f396912439d34584a37c286f6eabfb20,Guam,
bc804bd9fe9648499ca49c67c16df7c5,Republic of Palau,
bc804bd9fe9648499ca49c67c16df7c5,Yap State,
bc804bd9fe9648499ca49c67c16df7c5,Chuuk State,
bc804bd9fe9648499ca49c67c16df7c5,Pohnpei State,
bc804bd9fe9648499ca49c67c16df7c5,Saipan,
bc804bd9fe9648499ca49c67c16df7c5,Tinian,
bc804bd9fe9648499ca49c67c16df7c5,Rota,
bc804bd9fe9648499ca49c67c16df7c5,Guam,
6d6949f858c74ae2a753aac5403abc12,Republic of Palau,
5395b44cf96e417cb8ac91cff69da003,Republic of Palau,
5395b44cf96e417cb8ac91cff69da003,Yap State,
5395b44cf96e417cb8ac91cff69da003,Chuuk State,
5395b44cf96e417cb8ac91cff69da003,Saipan,
5395b44cf96e417cb8ac91cff69da003,Tinian,
5395b44cf96e417cb8ac91cff69da003,Rota,
5395b44cf96e417cb8ac91cff69da003,Guam,
0f050d1f1e9b4a7dab20e5771eaabdfd,Guam,
5dbd9c5e0f154a7b8c9ce36cc5e09aa3,Republic of Palau,
5dbd9c5e0f154a7b8c9ce36cc5e09aa3,Yap State,new island record
5dbd9c5e0f154a7b8c9ce36cc5e09aa3,Chuuk State,
5dbd9c5e0f154a7b8c9ce36cc5e09aa3,Pohnpei State,new island record
5dbd9c5e0f154a7b8c9ce36cc5e09aa3,Saipan,
5dbd9c5e0f154a7b8c9ce36cc5e09aa3,Tinian,
5dbd9c5e0f154a7b8c9ce36cc5e09aa3,Rota,
5dbd9c5e0f154a7b8c9ce36cc5e09aa3,Guam,
379a3c7b9df24a68a7276d987e0e4176,Saipan,
379a3c7b9df24a68a7276d987e0e4176,Tinian,
379a3c7b9df24a68a7276d987e0e4176,Rota,
379a3c7b9df24a68a7276d987e0e4176,Guam,
6c74c121a9024a4eba07d859aaa6e091,Guam,
99e2ab7767fd4bcba8e20be0a03856b0,Republic of Palau,
49a8d6deb83848f1b1d62307c6ae030c,Republic of Palau,
49a8d6deb83848f1b1d62307c6ae030c,Chuuk State,
49a8d6deb83848f1b1d62307c6ae030c,Pohnpei State,
e122baa9c041442db1f64723701a6735,Republic of Palau,
e122baa9c041442db1f64723701a6735,Yap State,
e122baa9c041442db1f64723701a6735,Chuuk State,
e122baa9c041442db1f64723701a6735,Pohnpei State,
e122baa9c041442db1f64723701a6735,Kosrae State,
e122baa9c041442db1f64723701a6735,Saipan,
e122baa9c041442db1f64723701a6735,Tinian,
e122baa9c041442db1f64723701a6735,Rota,
e122baa9c041442db1f64723701a6735,Guam,
e92f6fc211fb4352a6a40d59f949db22,Guam,
960c3668fc9642ca99ce07288eb747ee,Guam,
99fe241643714bd99d7c445c4b293c7c,Pohnpei State,
242912d20c93426b85cecd1eb350f171,Republic of Palau,
242912d20c93426b85cecd1eb350f171,Yap State,
242912d20c93426b85cecd1eb350f171,Chuuk State,
242912d20c93426b85cecd1eb350f171,Pohnpei State,
242912d20c93426b85cecd1eb350f171,Kosrae State,
242912d20c93426b85cecd1eb350f171,Saipan,
242912d20c93426b85cecd1eb350f171,Tinian,
242912d20c93426b85cecd1eb350f171,Rota,
242912d20c93426b85cecd1eb350f171,Guam,
d94138c1e8974ad298cd058fbf53fcb1,Republic of Palau,
d94138c1e8974ad298cd058fbf53fcb1,Saipan,
d94138c1e8974ad298cd058fbf53fcb1,Tinian,
d94138c1e8974ad298cd058fbf53fcb1,Rota,
d94138c1e8974ad298cd058fbf53fcb1,Guam,
486d719ef7004abd9d0c3df8243972ee,Republic of Palau,
486d719ef7004abd9d0c3df8243972ee,Yap State,
486d719ef7004abd9d0c3df8243972ee,Saipan,
486d719ef7004abd9d0c3df8243972ee,Tinian,
486d719ef7004abd9d0c3df8243972ee,Rota,
486d719ef7004abd9d0c3df8243972ee,Guam,
c2ff9c3a54a544a8804252b984d013db,Republic of Palau,
c2ff9c3a54a544a8804252b984d013db,Yap State,
6138e107145f40eb836bc61c513f14c2,Republic of Palau,
6138e107145f40eb836bc61c513f14c2,Chuuk State,
6138e107145f40eb836bc61c513f14c2,Pohnpei State,
6138e107145f40eb836bc61c513f14c2,Saipan,
6138e107145f40eb836bc61c513f14c2,Tinian,
6138e107145f40eb836bc61c513f14c2,Rota,
6138e107145f40eb836bc61c513f14c2,Guam,
ba4bf634148641f9b90857ec1c53ffe8,Republic of Palau,
ba4bf634148641f9b90857ec1c53ffe8,Yap State,
ba4bf634148641f9b90857ec1c53ffe8,Saipan,
ba4bf634148641f9b90857ec1c53ffe8,Tinian,
ba4bf634148641f9b90857ec1c53ffe8,Rota,
ba4bf634148641f9b90857ec1c53ffe8,Guam,
f9cf7f554cec47a7854baba30fec5790,Saipan,
f9cf7f554cec47a7854baba30fec5790,Tinian,
f9cf7f554cec47a7854baba30fec5790,Rota,
f9cf7f554cec47a7854baba30fec5790,Guam,
870924cb98e7490ebe5a7657ffc79b8f,Republic of Palau,
870924cb98e7490ebe5a7657ffc79b8f,Yap State,
870924cb98e7490ebe5a7657ffc79b8f,Pohnpei State,
870924cb98e7490ebe5a7657ffc79b8f,Saipan,
870924cb98e7490ebe5a7657ffc79b8f,Tinian,
870924cb98e7490ebe5a7657ffc79b8f,Rota,
870924cb98e7490ebe5a7657ffc79b8f,Guam,
d9c464146fa644379b00e4d8e1f5d825,Republic of Palau,new island record
d9c464146fa644379b00e4d8e1f5d825,Saipan,
d9c464146fa644379b00e4d8e1f5d825,Tinian,
d9c464146fa644379b00e4d8e1f5d825,Rota,
d9c464146fa644379b00e4d8e1f5d825,Guam,
630d484ac704415eaccb4785896a7c4d,Guam,
d4bb59a4b9e144d2897ca0b0fe3c8c79,Guam,
d505a104a42c4fea879a628f1d6c68f1,Republic of Palau,
d505a104a42c4fea879a628f1d6c68f1,Yap State,
d505a104a42c4fea879a628f1d6c68f1,Chuuk State,
